-736.7, 1077.5, 741.0
-679.4, 1079.0, 741.0
-621.9, 1080.4, 741.0
-564.2, 1081.6, 741.0
-506.4, 1082.5, 741.0
-448.4, 1082.9, 741.0
-390.4, 1082.7, 741.0
-332.4, 1081.9, 741.0
-274.5, 1080.3, 741.0
-216.6, 1077.9, 741.0
-158.9, 1074.4, 741.0
-101.3, 1069.8, 741.0
-44.0, 1063.9, 741.0
12.9, 1056.8, 741.0
69.6, 1048.1, 741.0
125.8, 1037.9, 741.0
181.6, 1026.0, 741.0
236.9, 1012.4, 741.0
291.7, 996.8, 741.0
345.9, 979.2, 741.0
399.4, 959.5, 741.0
399.4, 959.5, 741.0
435.4, 944.4, 741.0
474.7, 926.3, 741.0
516.6, 905.4, 741.0
560.3, 882.0, 741.0
605.1, 856.5, 741.0
650.3, 829.1, 741.0
695.0, 800.2, 741.0
738.7, 770.2, 741.0
780.5, 739.2, 741.0
819.8, 707.8, 741.0
855.8, 676.0, 741.0
887.7, 644.4, 741.0
914.8, 613.2, 741.0
936.5, 582.7, 741.0
951.9, 553.2, 741.0
960.3, 525.1, 741.0
961.1, 498.7, 741.0
953.4, 474.2, 741.0
936.6, 452.1, 741.0
909.8, 432.6, 741.0
909.8, 432.6, 741.0
843.6, 398.0, 741.0
775.1, 367.4, 741.0
704.5, 340.7, 741.0
632.0, 317.6, 741.0
557.8, 298.1, 741.0
482.1, 281.8, 741.0
404.9, 268.6, 741.0
326.7, 258.2, 741.0
247.4, 250.5, 741.0
167.4, 245.3, 741.0
86.7, 242.3, 741.0
5.6, 241.3, 741.0
-75.7, 242.1, 741.0
-157.1, 244.6, 741.0
-238.3, 248.6, 741.0
-319.3, 253.7, 741.0
-399.7, 259.9, 741.0
-479.5, 266.8, 741.0
-558.4, 274.4, 741.0
-636.2, 282.4, 741.0
-636.2, 282.4, 741.0
-651.4, 285.6, 741.0
-665.0, 291.7, 741.0
-677.2, 300.4, 741.0
-687.9, 311.4, 741.0
-697.2, 324.6, 741.0
-705.0, 339.6, 741.0
-711.5, 356.2, 741.0
-716.6, 374.2, 741.0
-720.4, 393.2, 741.0
-722.9, 413.1, 741.0
-724.1, 433.5, 741.0
-724.1, 454.2, 741.0
-722.9, 474.9, 741.0
-720.4, 495.5, 741.0
-716.8, 515.5, 741.0
-712.1, 534.9, 741.0
-706.2, 553.3, 741.0
-699.3, 570.4, 741.0
-691.3, 586.0, 741.0
-682.3, 599.9, 741.0
-682.3, 599.9, 741.0
-665.5, 620.5, 741.0
-647.1, 639.2, 741.0
-627.3, 656.2, 741.0
-606.2, 671.7, 741.0
-583.9, 685.8, 741.0
-560.7, 698.8, 741.0
-536.5, 710.7, 741.0
-511.7, 721.9, 741.0
-486.3, 732.4, 741.0
-460.5, 742.5, 741.0
-434.4, 752.3, 741.0
-408.2, 762.0, 741.0
-382.0, 771.8, 741.0
-355.9, 781.9, 741.0
-330.2, 792.5, 741.0
-304.9, 803.6, 741.0
-280.3, 815.6, 741.0
-256.3, 828.5, 741.0
-233.3, 842.6, 741.0
-211.3, 858.1, 741.0
-211.3, 858.1, 741.0
-177.4, 885.6, 741.0
-144.8, 915.5, 741.0
-113.4, 947.4, 741.0
-83.0, 980.9, 741.0
-53.3, 1015.7, 741.0
-24.2, 1051.4, 741.0
4.5, 1087.6, 741.0
33.0, 1124.1, 741.0
61.5, 1160.3, 741.0
90.3, 1196.0, 741.0
119.4, 1230.8, 741.0
149.2, 1264.3, 741.0
179.7, 1296.1, 741.0
211.2, 1326.0, 741.0
244.0, 1353.4, 741.0
278.0, 1378.2, 741.0
313.7, 1399.8, 741.0
351.2, 1418.0, 741.0
390.6, 1432.3, 741.0
432.2, 1442.4, 741.0
432.2, 1442.4, 741.0
452.9, 1444.0, 741.0
470.1, 1440.6, 741.0
484.3, 1432.6, 741.0
495.6, 1420.4, 741.0
504.4, 1404.5, 741.0
511.0, 1385.3, 741.0
515.7, 1363.1, 741.0
518.7, 1338.5, 741.0
520.5, 1311.7, 741.0
521.3, 1283.3, 741.0
521.4, 1253.7, 741.0
521.2, 1223.1, 741.0
520.8, 1192.2, 741.0
520.7, 1161.2, 741.0
521.2, 1130.5, 741.0
522.4, 1100.7, 741.0
524.9, 1072.1, 741.0
528.8, 1045.2, 741.0
534.4, 1020.2, 741.0
542.2, 997.8, 741.0
542.2, 997.8, 741.0
552.4, 977.1, 741.0
566.0, 955.2, 741.0
582.5, 932.2, 741.0
601.3, 908.5, 741.0
621.9, 884.2, 741.0
643.7, 859.7, 741.0
666.1, 835.2, 741.0
688.7, 810.9, 741.0
710.9, 787.2, 741.0
732.1, 764.2, 741.0
751.9, 742.2, 741.0
769.5, 721.5, 741.0
784.7, 702.3, 741.0
796.6, 684.9, 741.0
804.9, 669.5, 741.0
809.0, 656.4, 741.0
808.3, 645.9, 741.0
802.4, 638.2, 741.0
790.5, 633.5, 741.0
772.3, 632.2, 741.0
772.3, 632.2, 741.0
681.7, 639.4, 741.0
589.9, 656.7, 741.0
497.1, 682.4, 741.0
403.5, 715.3, 741.0
309.4, 753.8, 741.0
215.2, 796.6, 741.0
120.9, 842.1, 741.0
27.0, 888.9, 741.0
-66.4, 935.6, 741.0
-158.9, 980.7, 741.0
-250.3, 1022.9, 741.0
-340.4, 1060.5, 741.0
-428.9, 1092.2, 741.0
-515.5, 1116.6, 741.0
-600.0, 1132.1, 741.0
-682.0, 1137.4, 741.0
-761.5, 1131.0, 741.0
-838.0, 1111.5, 741.0
-911.3, 1077.4, 741.0
-981.1, 1027.2, 741.0
-981.1, 1027.2, 741.0
-1025.4, 979.7, 741.0
-1049.5, 932.1, 741.0
-1055.1, 884.2, 741.0
-1043.8, 836.1, 741.0
-1017.4, 787.7, 741.0
-977.6, 739.0, 741.0
-925.9, 690.0, 741.0
-864.1, 640.7, 741.0
-793.8, 591.0, 741.0
-716.8, 541.0, 741.0
-634.7, 490.5, 741.0
-549.1, 439.7, 741.0
-461.7, 388.5, 741.0
-374.3, 336.8, 741.0
-288.5, 284.7, 741.0
-205.9, 232.1, 741.0
-128.2, 179.0, 741.0
-57.2, 125.4, 741.0
5.6, 71.3, 741.0
58.4, 16.6, 741.0
58.4, 16.6, 741.0
61.4, 11.8, 741.0
61.5, 8.0, 741.0
58.8, 5.0, 741.0
53.9, 2.8, 741.0
46.9, 1.3, 741.0
38.3, 0.3, 741.0
28.3, -0.3, 741.0
17.2, -0.5, 741.0
5.4, -0.6, 741.0
-6.7, -0.6, 741.0
-18.9, -0.6, 741.0
-30.9, -0.8, 741.0
-42.3, -1.3, 741.0
-52.7, -2.2, 741.0
-62.0, -3.6, 741.0
-69.7, -5.6, 741.0
-75.5, -8.4, 741.0
-79.1, -12.0, 741.0
-80.1, -16.6, 741.0
-78.3, -22.3, 741.0
-78.3, -22.3, 741.0
-74.0, -29.2, 741.0
-68.8, -35.2, 741.0
-62.7, -40.4, 741.0
-56.0, -44.8, 741.0
-48.7, -48.5, 741.0
-40.8, -51.4, 741.0
-32.3, -53.6, 741.0
-23.5, -55.2, 741.0
-14.4, -56.2, 741.0
-4.9, -56.6, 741.0
4.7, -56.5, 741.0
14.4, -55.9, 741.0
24.2, -54.9, 741.0
33.9, -53.4, 741.0
43.6, -51.6, 741.0
53.0, -49.5, 741.0
62.2, -47.0, 741.0
71.1, -44.3, 741.0
79.5, -41.4, 741.0
87.5, -38.3, 741.0
87.5, -38.3, 741.0
91.2, -36.4, 741.0
94.5, -33.7, 741.0
97.5, -30.5, 741.0
100.0, -26.7, 741.0
102.1, -22.5, 741.0
103.9, -17.9, 741.0
105.3, -12.9, 741.0
106.2, -7.8, 741.0
106.8, -2.4, 741.0
107.1, 3.0, 741.0
106.9, 8.4, 741.0
106.4, 13.8, 741.0
105.4, 19.0, 741.0
104.1, 24.1, 741.0
102.5, 28.9, 741.0
100.4, 33.3, 741.0
98.0, 37.3, 741.0
95.2, 40.9, 741.0
92.0, 43.8, 741.0
88.4, 46.2, 741.0
88.4, 46.2, 741.0
83.4, 48.5, 741.0
78.2, 50.3, 741.0
72.8, 51.6, 741.0
67.2, 52.4, 741.0
61.6, 52.7, 741.0
55.8, 52.6, 741.0
50.0, 52.0, 741.0
44.1, 51.1, 741.0
38.3, 49.8, 741.0
32.4, 48.2, 741.0
26.6, 46.2, 741.0
20.8, 44.0, 741.0
15.1, 41.5, 741.0
9.6, 38.8, 741.0
4.1, 35.8, 741.0
-1.2, 32.7, 741.0
-6.3, 29.4, 741.0
-11.1, 26.0, 741.0
-15.8, 22.5, 741.0
-20.2, 18.9, 741.0
-20.2, 18.9, 741.0
-21.9, 17.1, 741.0
-23.2, 15.1, 741.0
-24.0, 13.0, 741.0
-24.3, 10.8, 741.0
-24.3, 8.4, 741.0
-23.9, 5.9, 741.0
-23.2, 3.4, 741.0
-22.2, 0.8, 741.0
-21.0, -1.9, 741.0
-19.5, -4.6, 741.0
-17.9, -7.3, 741.0
-16.1, -10.1, 741.0
-14.2, -12.8, 741.0
-12.2, -15.5, 741.0
-10.2, -18.1, 741.0
-8.2, -20.7, 741.0
-6.2, -23.2, 741.0
-4.3, -25.6, 741.0
-2.5, -27.9, 741.0
-0.9, -30.0, 741.0
-0.9, -30.0, 741.0
28.1, -64.6, 741.0
62.0, -99.2, 741.0
99.8, -133.9, 741.0
140.9, -168.7, 741.0
184.2, -203.4, 741.0
229.0, -238.2, 741.0
274.5, -272.9, 741.0
319.7, -307.6, 741.0
363.9, -342.2, 741.0
406.1, -376.8, 741.0
445.5, -411.1, 741.0
481.3, -445.4, 741.0
512.7, -479.4, 741.0
538.7, -513.3, 741.0
558.6, -546.9, 741.0
571.4, -580.3, 741.0
576.3, -613.4, 741.0
572.6, -646.3, 741.0
559.2, -678.8, 741.0
535.5, -710.9, 741.0
535.5, -710.9, 741.0
494.0, -750.6, 741.0
446.4, -786.6, 741.0
393.3, -818.6, 741.0
335.5, -846.7, 741.0
273.9, -870.7, 741.0
209.2, -890.5, 741.0
142.1, -906.0, 741.0
73.4, -917.2, 741.0
3.9, -923.9, 741.0
-65.6, -926.0, 741.0
-134.3, -923.5, 741.0
-201.5, -916.2, 741.0
-266.5, -904.1, 741.0
-328.3, -887.1, 741.0
-386.4, -865.0, 741.0
-439.8, -837.9, 741.0
-487.9, -805.4, 741.0
-529.8, -767.7, 741.0
-564.7, -724.6, 741.0
-592.0, -675.9, 741.0
-592.0, -675.9, 741.0
-605.3, -633.6, 741.0
-604.2, -598.9, 741.0
-590.1, -571.0, 741.0
-564.2, -549.1, 741.0
-528.0, -532.3, 741.0
-482.6, -519.9, 741.0
-429.5, -511.0, 741.0
-369.9, -504.7, 741.0
-305.2, -500.4, 741.0
-236.7, -497.1, 741.0
-165.6, -494.0, 741.0
-93.4, -490.4, 741.0
-21.3, -485.3, 741.0
49.4, -478.0, 741.0
117.3, -467.7, 741.0
181.1, -453.6, 741.0
239.5, -434.7, 741.0
291.2, -410.3, 741.0
334.9, -379.7, 741.0
369.2, -341.8, 741.0
369.2, -341.8, 741.0
393.9, -302.6, 741.0
414.6, -261.3, 741.0
431.4, -218.2, 741.0
444.6, -173.4, 741.0
454.2, -127.3, 741.0
460.6, -80.0, 741.0
463.7, -31.7, 741.0
463.9, 17.3, 741.0
461.2, 66.9, 741.0
455.9, 116.9, 741.0
448.1, 166.9, 741.0
437.9, 216.8, 741.0
425.6, 266.4, 741.0
411.3, 315.5, 741.0
395.2, 363.9, 741.0
377.5, 411.3, 741.0
358.2, 457.5, 741.0
337.7, 502.4, 741.0
316.0, 545.6, 741.0
293.3, 587.1, 741.0
293.3, 587.1, 741.0
282.3, 602.6, 741.0
269.3, 614.2, 741.0
254.5, 622.2, 741.0
238.2, 626.8, 741.0
220.5, 628.3, 741.0
201.6, 627.1, 741.0
181.6, 623.2, 741.0
160.8, 617.2, 741.0
139.2, 609.1, 741.0
117.2, 599.3, 741.0
94.7, 588.1, 741.0
72.2, 575.8, 741.0
49.6, 562.5, 741.0
27.2, 548.7, 741.0
5.2, 534.5, 741.0
-16.3, 520.2, 741.0
-37.1, 506.2, 741.0
-56.9, 492.7, 741.0
-75.7, 479.9, 741.0
-93.3, 468.1, 741.0
-93.3, 468.1, 741.0
-110.9, 456.2, 741.0
-128.4, 443.8, 741.0
-145.5, 430.9, 741.0
-162.5, 417.6, 741.0
-179.1, 403.8, 741.0
-195.4, 389.5, 741.0
-211.3, 374.8, 741.0
-226.9, 359.7, 741.0
-242.1, 344.2, 741.0
-256.8, 328.2, 741.0
-271.0, 311.9, 741.0
-284.7, 295.2, 741.0
-297.9, 278.1, 741.0
-310.5, 260.6, 741.0
-322.4, 242.8, 741.0
-333.8, 224.6, 741.0
-344.5, 206.1, 741.0
-354.5, 187.3, 741.0
-363.8, 168.2, 741.0
-372.3, 148.7, 741.0
-372.3, 148.7, 741.0
-374.7, 141.4, 741.0
-374.9, 136.8, 741.0
-373.1, 134.7, 741.0
-369.3, 134.8, 741.0
-363.8, 136.8, 741.0
-356.7, 140.5, 741.0
-348.3, 145.6, 741.0
-338.8, 151.8, 741.0
-328.2, 158.9, 741.0
-316.8, 166.7, 741.0
-304.7, 174.7, 741.0
-292.2, 182.9, 741.0
-279.4, 190.9, 741.0
-266.4, 198.4, 741.0
-253.6, 205.3, 741.0
-240.9, 211.1, 741.0
-228.8, 215.8, 741.0
-217.2, 218.9, 741.0
-206.3, 220.3, 741.0
-196.5, 219.6, 741.0
-196.5, 219.6, 741.0
-171.3, 214.2, 741.0
-146.5, 207.7, 741.0
-122.0, 200.1, 741.0
-97.8, 191.5, 741.0
-73.9, 182.2, 741.0
-50.1, 172.2, 741.0
-26.5, 161.6, 741.0
-3.1, 150.5, 741.0
20.3, 139.2, 741.0
43.6, 127.6, 741.0
66.9, 115.9, 741.0
90.2, 104.2, 741.0
113.5, 92.6, 741.0
137.0, 81.3, 741.0
160.5, 70.4, 741.0
184.2, 60.0, 741.0
208.1, 50.2, 741.0
232.3, 41.1, 741.0
256.7, 32.8, 741.0
281.4, 25.5, 741.0
281.4, 25.5, 741.0
296.8, 21.2, 741.0
312.6, 16.6, 741.0
328.6, 11.8, 741.0
344.9, 6.9, 741.0
361.3, 2.0, 741.0
377.9, -2.8, 741.0
394.6, -7.3, 741.0
411.3, -11.5, 741.0
428.0, -15.2, 741.0
444.6, -18.4, 741.0
461.2, -20.9, 741.0
477.5, -22.7, 741.0
493.6, -23.5, 741.0
509.5, -23.4, 741.0
525.0, -22.2, 741.0
540.1, -19.8, 741.0
554.9, -16.0, 741.0
569.1, -10.9, 741.0
582.8, -4.2, 741.0
596.0, 4.1, 741.0
596.0, 4.1, 741.0
607.2, 14.7, 741.0
616.7, 28.8, 741.0
624.6, 46.0, 741.0
631.0, 65.7, 741.0
636.1, 87.3, 741.0
640.1, 110.5, 741.0
643.1, 134.5, 741.0
645.2, 159.0, 741.0
646.7, 183.4, 741.0
647.6, 207.1, 741.0
648.1, 229.7, 741.0
648.4, 250.7, 741.0
648.6, 269.4, 741.0
648.9, 285.4, 741.0
649.3, 298.2, 741.0
650.2, 307.3, 741.0
651.5, 312.0, 741.0
653.5, 312.0, 741.0
656.3, 306.7, 741.0
660.1, 295.5, 741.0
660.1, 295.5, 741.0
671.4, 247.1, 741.0
677.8, 193.9, 741.0
680.2, 136.9, 741.0
679.3, 76.7, 741.0
675.7, 14.1, 741.0
670.1, -49.9, 741.0
663.4, -114.6, 741.0
656.2, -179.2, 741.0
649.3, -242.9, 741.0
643.3, -304.8, 741.0
639.0, -364.3, 741.0
637.1, -420.3, 741.0
638.4, -472.3, 741.0
643.4, -519.2, 741.0
653.1, -560.4, 741.0
668.0, -595.0, 741.0
688.9, -622.2, 741.0
716.5, -641.2, 741.0
751.6, -651.2, 741.0
794.9, -651.4, 741.0
794.9, -651.4, 741.0
853.2, -640.7, 741.0
906.6, -621.7, 741.0
955.5, -595.2, 741.0
1000.2, -561.8, 741.0
1041.0, -522.1, 741.0
1078.5, -476.8, 741.0
1113.0, -426.6, 741.0
1144.8, -372.1, 741.0
1174.3, -313.9, 741.0
1201.9, -252.7, 741.0
1228.0, -189.2, 741.0
1253.0, -124.1, 741.0
1277.2, -57.9, 741.0
1301.1, 8.7, 741.0
1324.9, 75.0, 741.0
1349.2, 140.3, 741.0
1374.2, 204.1, 741.0
1400.3, 265.6, 741.0
1428.0, 324.2, 741.0
1457.5, 379.2, 741.0
1457.5, 379.2, 741.0
1460.9, 385.3, 741.0
1464.3, 392.0, 741.0
1467.7, 399.3, 741.0
1471.0, 407.1, 741.0
1474.2, 415.3, 741.0
1477.2, 423.7, 741.0
1480.0, 432.2, 741.0
1482.5, 440.8, 741.0
1484.6, 449.4, 741.0
1486.3, 457.8, 741.0
1487.4, 465.9, 741.0
1488.1, 473.7, 741.0
1488.1, 481.0, 741.0
1487.4, 487.8, 741.0
1486.0, 493.8, 741.0
1483.8, 499.1, 741.0
1480.7, 503.5, 741.0
1476.8, 506.9, 741.0
1471.8, 509.3, 741.0
1465.8, 510.4, 741.0
1465.8, 510.4, 741.0
1374.6, 517.6, 741.0
1283.1, 525.3, 741.0
1191.5, 533.3, 741.0
1099.7, 541.5, 741.0
1007.7, 549.6, 741.0
915.7, 557.4, 741.0
823.6, 564.6, 741.0
731.5, 571.2, 741.0
639.4, 576.8, 741.0
547.4, 581.2, 741.0
455.5, 584.3, 741.0
363.7, 585.8, 741.0
272.1, 585.5, 741.0
180.7, 583.2, 741.0
89.6, 578.8, 741.0
-1.2, 571.8, 741.0
-91.7, 562.3, 741.0
-181.8, 549.9, 741.0
-271.5, 534.5, 741.0
-360.8, 515.7, 741.0
-360.8, 515.7, 741.0
-378.1, 509.7, 741.0
-388.4, 501.3, 741.0
-392.3, 490.7, 741.0
-390.6, 478.0, 741.0
-383.8, 463.6, 741.0
-372.8, 447.4, 741.0
-358.1, 429.8, 741.0
-340.5, 410.8, 741.0
-320.6, 390.7, 741.0
-299.1, 369.5, 741.0
-276.8, 347.6, 741.0
-254.2, 324.9, 741.0
-232.0, 301.8, 741.0
-211.0, 278.4, 741.0
-191.7, 254.8, 741.0
-175.0, 231.2, 741.0
-161.5, 207.8, 741.0
-151.8, 184.8, 741.0
-146.6, 162.3, 741.0
-146.7, 140.4, 741.0
-146.7, 140.4, 741.0
-150.9, 123.6, 741.0
-158.9, 106.1, 741.0
-170.3, 88.2, 741.0
-184.5, 70.3, 741.0
-201.2, 52.5, 741.0
-219.8, 35.1, 741.0
-239.9, 18.3, 741.0
-261.1, 2.5, 741.0
-282.9, -12.3, 741.0
-304.8, -25.6, 741.0
-326.5, -37.3, 741.0
-347.4, -47.1, 741.0
-367.2, -54.8, 741.0
-385.3, -60.1, 741.0
-401.2, -62.8, 741.0
-414.7, -62.6, 741.0
-425.1, -59.2, 741.0
-432.1, -52.5, 741.0
-435.2, -42.2, 741.0
-433.9, -27.9, 741.0
-433.9, -27.9, 741.0
-425.6, 6.8, 741.0
-416.1, 41.5, 741.0
-405.5, 76.3, 741.0
-393.7, 110.9, 741.0
-380.8, 145.3, 741.0
-366.7, 179.4, 741.0
-351.5, 213.1, 741.0
-335.1, 246.3, 741.0
-317.6, 278.9, 741.0
-298.9, 310.7, 741.0
-279.1, 341.8, 741.0
-258.2, 372.0, 741.0
-236.2, 401.1, 741.0
-213.1, 429.2, 741.0
-188.9, 456.1, 741.0
-163.6, 481.6, 741.0
-137.1, 505.8, 741.0
-109.6, 528.5, 741.0
-81.0, 549.6, 741.0
-51.3, 569.0, 741.0
-51.3, 569.0, 741.0
-2.3, 599.0, 741.0
48.1, 629.4, 741.0
99.7, 659.9, 741.0
152.3, 690.1, 741.0
205.8, 719.7, 741.0
260.2, 748.5, 741.0
315.2, 776.0, 741.0
370.9, 802.0, 741.0
427.0, 826.2, 741.0
483.5, 848.2, 741.0
540.2, 867.6, 741.0
597.0, 884.3, 741.0
653.8, 897.8, 741.0
710.5, 907.8, 741.0
767.0, 914.1, 741.0
823.0, 916.2, 741.0
878.7, 913.9, 741.0
933.7, 906.9, 741.0
988.0, 894.7, 741.0
1041.4, 877.2, 741.0
1041.4, 877.2, 741.0
1070.2, 862.5, 741.0
1092.9, 843.2, 741.0
1109.9, 819.6, 741.0
1121.5, 792.4, 741.0
1128.2, 761.8, 741.0
1130.2, 728.4, 741.0
1128.0, 692.6, 741.0
1121.9, 654.8, 741.0
1112.3, 615.6, 741.0
1099.4, 575.3, 741.0
1083.8, 534.4, 741.0
1065.8, 493.3, 741.0
1045.7, 452.6, 741.0
1023.9, 412.6, 741.0
1000.7, 373.7, 741.0
976.5, 336.5, 741.0
951.8, 301.4, 741.0
926.7, 268.8, 741.0
901.8, 239.2, 741.0
877.4, 213.1, 741.0
877.4, 213.1, 741.0
836.2, 172.3, 741.0
793.6, 131.9, 741.0
749.7, 92.0, 741.0
704.5, 52.9, 741.0
658.0, 14.6, 741.0
610.5, -22.5, 741.0
561.8, -58.3, 741.0
512.1, -92.7, 741.0
461.4, -125.3, 741.0
409.8, -156.1, 741.0
357.4, -184.8, 741.0
304.1, -211.2, 741.0
250.2, -235.2, 741.0
195.5, -256.6, 741.0
140.3, -275.1, 741.0
84.5, -290.5, 741.0
28.2, -302.8, 741.0
-28.5, -311.6, 741.0
-85.6, -316.8, 741.0
-143.0, -318.2, 741.0
-143.0, -318.2, 741.0
-187.3, -315.8, 741.0
-231.2, -309.4, 741.0
-274.5, -299.3, 741.0
-317.3, -285.7, 741.0
-359.4, -268.9, 741.0
-400.6, -249.0, 741.0
-441.0, -226.2, 741.0
-480.4, -200.9, 741.0
-518.8, -173.1, 741.0
-556.0, -143.1, 741.0
-591.9, -111.2, 741.0
-626.5, -77.5, 741.0
-659.7, -42.2, 741.0
-691.4, -5.6, 741.0
-721.4, 32.0, 741.0
-749.8, 70.6, 741.0
-776.3, 109.9, 741.0
-801.0, 149.6, 741.0
-823.7, 189.6, 741.0
-844.3, 229.7, 741.0
-844.3, 229.7, 741.0
-854.5, 254.1, 741.0
-861.7, 279.4, 741.0
-866.1, 305.4, 741.0
-867.8, 331.9, 741.0
-866.9, 358.9, 741.0
-863.7, 386.3, 741.0
-858.3, 413.8, 741.0
-850.8, 441.4, 741.0
-841.4, 468.9, 741.0
-830.2, 496.2, 741.0
-817.4, 523.1, 741.0
-803.2, 549.6, 741.0
-787.7, 575.5, 741.0
-771.0, 600.6, 741.0
-753.4, 624.9, 741.0
-734.9, 648.3, 741.0
-715.7, 670.4, 741.0
-695.9, 691.4, 741.0
-675.8, 710.9, 741.0
-655.5, 729.0, 741.0
-655.5, 729.0, 741.0
-631.0, 748.1, 741.0
-605.4, 765.1, 741.0
-578.8, 780.2, 741.0
-551.2, 793.6, 741.0
-522.8, 805.3, 741.0
-493.5, 815.6, 741.0
-463.6, 824.7, 741.0
-433.1, 832.6, 741.0
-402.1, 839.6, 741.0
-370.7, 845.7, 741.0
-339.0, 851.3, 741.0
-307.0, 856.3, 741.0
-274.9, 861.0, 741.0
-242.7, 865.6, 741.0
-210.5, 870.1, 741.0
-178.5, 874.8, 741.0
-146.7, 879.9, 741.0
-115.2, 885.4, 741.0
-84.0, 891.5, 741.0
-53.4, 898.4, 741.0
-53.4, 898.4, 741.0
-25.9, 905.0, 741.0
1.7, 911.5, 741.0
29.2, 917.9, 741.0
56.8, 924.2, 741.0
84.4, 930.4, 741.0
112.0, 936.4, 741.0
139.7, 942.4, 741.0
167.4, 948.2, 741.0
195.1, 954.0, 741.0
222.8, 959.6, 741.0
250.6, 965.1, 741.0
278.3, 970.5, 741.0
306.1, 975.8, 741.0
334.0, 980.9, 741.0
361.8, 986.0, 741.0
389.7, 990.9, 741.0
417.5, 995.7, 741.0
445.4, 1000.4, 741.0
473.3, 1005.0, 741.0
501.3, 1009.5, 741.0
501.3, 1009.5, 741.0
516.7, 1012.5, 741.0
533.3, 1016.6, 741.0
550.9, 1021.7, 741.0
569.4, 1027.4, 741.0
588.4, 1033.7, 741.0
607.8, 1040.2, 741.0
627.4, 1046.7, 741.0
646.9, 1053.1, 741.0
666.1, 1059.0, 741.0
684.9, 1064.3, 741.0
702.9, 1068.7, 741.0
720.0, 1072.1, 741.0
736.0, 1074.1, 741.0
750.7, 1074.6, 741.0
763.7, 1073.4, 741.0
775.0, 1070.2, 741.0
784.4, 1064.8, 741.0
791.5, 1056.9, 741.0
796.2, 1046.4, 741.0
798.2, 1033.0, 741.0
798.2, 1033.0, 741.0
799.3, 958.0, 741.0
796.2, 883.2, 741.0
789.4, 808.5, 741.0
779.4, 734.0, 741.0
766.6, 659.7, 741.0
751.5, 585.5, 741.0
734.6, 511.3, 741.0
716.4, 437.3, 741.0
697.3, 363.3, 741.0
677.8, 289.3, 741.0
658.5, 215.4, 741.0
639.6, 141.4, 741.0
621.9, 67.4, 741.0
605.6, -6.7, 741.0
591.4, -80.9, 741.0
579.6, -155.2, 741.0
570.8, -229.6, 741.0
565.4, -304.1, 741.0
563.8, -378.9, 741.0
566.7, -453.8, 741.0
566.7, -453.8, 741.0
571.9, -477.1, 741.0
583.5, -499.9, 741.0
600.8, -522.1, 741.0
622.8, -543.6, 741.0
648.7, -564.5, 741.0
677.7, -584.6, 741.0
708.9, -604.0, 741.0
741.4, -622.6, 741.0
774.4, -640.2, 741.0
807.0, -657.0, 741.0
838.3, -672.8, 741.0
867.6, -687.6, 741.0
893.9, -701.3, 741.0
916.4, -713.9, 741.0
934.2, -725.4, 741.0
946.4, -735.7, 741.0
952.3, -744.7, 741.0
950.9, -752.4, 741.0
941.4, -758.8, 741.0
923.0, -763.8, 741.0
923.0, -763.8, 741.0
850.5, -776.5, 741.0
777.3, -787.9, 741.0
703.4, -798.0, 741.0
629.0, -806.5, 741.0
554.2, -813.5, 741.0
479.1, -818.8, 741.0
403.9, -822.3, 741.0
328.5, -823.9, 741.0
253.3, -823.6, 741.0
178.1, -821.1, 741.0
103.3, -816.4, 741.0
28.9, -809.4, 741.0
-45.1, -800.0, 741.0
-118.4, -788.1, 741.0
-191.0, -773.5, 741.0
-262.7, -756.3, 741.0
-333.5, -736.2, 741.0
-403.2, -713.2, 741.0
-471.7, -687.1, 741.0
-538.9, -658.0, 741.0
-538.9, -658.0, 741.0
-574.0, -639.5, 741.0
-607.0, -617.8, 741.0
-637.9, -593.0, 741.0
-666.8, -565.4, 741.0
-693.6, -535.2, 741.0
-718.5, -502.6, 741.0
-741.4, -468.0, 741.0
-762.3, -431.4, 741.0
-781.3, -393.3, 741.0
-798.4, -353.7, 741.0
-813.7, -313.0, 741.0
-827.1, -271.4, 741.0
-838.6, -229.1, 741.0
-848.4, -186.4, 741.0
-856.4, -143.5, 741.0
-862.6, -100.6, 741.0
-867.1, -58.0, 741.0
-869.8, -15.9, 741.0
-870.9, 25.5, 741.0
-870.4, 65.8, 741.0
-870.4, 65.8, 741.0
-868.0, 104.2, 741.0
-863.4, 142.7, 741.0
-856.8, 181.3, 741.0
-848.3, 219.9, 741.0
-837.7, 258.2, 741.0
-825.4, 296.2, 741.0
-811.2, 333.9, 741.0
-795.2, 370.9, 741.0
-777.6, 407.4, 741.0
-758.3, 443.0, 741.0
-737.5, 477.7, 741.0
-715.3, 511.5, 741.0
-691.5, 544.0, 741.0
-666.4, 575.4, 741.0
-640.0, 605.3, 741.0
-612.4, 633.8, 741.0
-583.6, 660.6, 741.0
-553.6, 685.7, 741.0
-522.6, 709.0, 741.0
-490.6, 730.2, 741.0
-490.6, 730.2, 741.0
-437.7, 761.4, 741.0
-383.5, 790.0, 741.0
-328.1, 816.0, 741.0
-271.7, 839.6, 741.0
-214.2, 861.1, 741.0
-155.9, 880.7, 741.0
-96.9, 898.4, 741.0
-37.1, 914.5, 741.0
23.3, 929.1, 741.0
84.2, 942.5, 741.0
145.5, 954.8, 741.0
207.2, 966.2, 741.0
269.1, 976.8, 741.0
331.1, 986.9, 741.0
393.2, 996.7, 741.0
455.2, 1006.2, 741.0
517.1, 1015.7, 741.0
578.7, 1025.4, 741.0
640.0, 1035.4, 741.0
701.0, 1045.9, 741.0
701.0, 1045.9, 741.0
728.1, 1050.4, 741.0
755.4, 1054.1, 741.0
782.8, 1057.2, 741.0
810.2, 1059.6, 741.0
837.7, 1061.4, 741.0
865.3, 1062.7, 741.0
892.9, 1063.4, 741.0
920.5, 1063.6, 741.0
948.2, 1063.4, 741.0
975.9, 1062.7, 741.0
1003.7, 1061.7, 741.0
1031.4, 1060.3, 741.0
1059.1, 1058.7, 741.0
1086.8, 1056.7, 741.0
1114.5, 1054.6, 741.0
1142.2, 1052.2, 741.0
1169.8, 1049.7, 741.0
1197.4, 1047.1, 741.0
1224.9, 1044.5, 741.0
1252.4, 1041.8, 741.0
